020203|m. Pieszyce|dzierżoniowski|dolnośląskie|8|HOSP|Specjalistyczny Szpital Chorób Płuc w Rościszowie|f|Polska|Pieszyce|58-250|Pieszyce|Rościszów|11||Specjalistyczny Szpital Chorób Płuc|0|50.7090468|16.5496893
020502|gm. Bolków|jaworski|dolnośląskie|13|HOSP|Zakład Opiekuńczo-Leczniczy w Bolkowie ul. Wysokogórska 19|f|Polska|Bolków|59-420|Bolków|Wysokogórska|19||Zakład Opiekuńczo-Leczniczy w Bolkowie |\N|50.9201039|16.106233
020601|m. Karpacz|jeleniogórski|dolnośląskie|6|HOSP|Centrum Medyczne Karpacz "Zarzecze"|f|Polska|Karpacz|58-540|Karpacz|ul. Myśliwska|13||Centrum Medyczne Karpacz "Zarzecze"|50|50.78098300000001|15.74112
020601|m. Karpacz|jeleniogórski|dolnośląskie|7|HOSP|Centrum Medyczne Karpacz "Świetlana Góra"|f|Polska|Karpacz|58-540|Karpacz|ul. Sanatoryjna|1||Centrum Medyczne Karpacz "Świetlana Góra"|70|50.7735855|15.7569946
020602|m. Kowary|jeleniogórski|dolnośląskie|10|HOSP|Jednostka Medyczna WYSOKA ŁĄKA|f|Polska|Kowary|58-530|Kowary|ul. Sanatoryjna|27||Wojewódzkie Centrum Szpitalne Kotliny Jeleniogórskiej Jednostka Medyczna WYSOKA ŁĄKA|120|50.8111869|15.8428239
020602|m. Kowary|jeleniogórski|dolnośląskie|11|HOSP|Zakład Opiekuńczo-Leczniczy Hospicjum|f|Polska|Kowary|58-530|Kowary|ul. Jeleniogórska|14||Powiatowe Centrum Zdrowia Sp. z o.o. w Kowarach Centrum Opieki Długoterminowej Hospicjum|50|50.800429|15.826166
020604|m. Szklarska Poręba|jeleniogórski|dolnośląskie|7|HOSP|Izerskie Centrum Pulmonologii i Chemioterapii "Izer-Med" Spółka z o.o.|f|Polska|Szklarska Poręba|58-580|Szklarska Poręba|ul. Sanatoryjna|1||Izerskie Centrum Pulmonologii i Chemioterapii "Izer-Med" Spółka z o.o.|15|50.8473899|15.5483383
020605|gm. Janowice Wielkie|jeleniogórski|dolnośląskie|5|HOSP|SP ZOZ Zespół Profilaktyki i Rehabilitacji w Janowicach Wielkich|f|Polska|Janowice Wielkie|58-520|Janowice Wielkie|ul. Karola Świerczewskiego|12||SP ZOZ Zespół Profilaktyki i Rehabilitacji w Janowicach Wielkich|90|50.8805516|15.9226696
020805|m. Polanica-Zdrój|kłodzki|dolnośląskie|4|HOSP|Specjalistyczne Centrum Medyczne w Polanicy-Zdroju|f|Polska|Polanica-Zdrój|57-320|Polanica-Zdrój|ul.Jana Pawła II |2||Specjalistyczne Centrum Medyczne|100|50.4079081|16.5013774
021002|m. Świeradów-Zdrój|lubański|dolnośląskie|5|HOSP|Szpital Centrum Rehabilitacji i Reumatologii "Goplana"|f|Polska|Świeradów-Zdrój|59-850|Świeradów-Zdrój|ul. Piłsudskiego|33||Uzdrowisko Świeradów-Czerniawa Spółka z o.o. Grupa PGU Szpital Centrum Rehabilitacji i Reumatologii "Goplana"|50|50.9064347|15.3367635
021201|gm. Gryfów Śląski|lwówecki|dolnośląskie|7|HOSP|Szpital w Gryfowie Śląskim|f|Polska|Gryfów Śląski|59-620|Gryfów Śląski|ul. Rzeczna |25||Szpital w Gryfowie Śląskim|70|51.02684259999999|15.4143744
021908|gm. Żarów|świdnicki|dolnośląskie|11|HOSP|Szpital Reumatologiczno-Rehabilitacyjny w Żarowie|f|Polska|Żarów|58-130|Żarów|Wojska Polskiego|7||Szpital Reaumtologiczno-Rehabilitacyjny w Żarowie|25|50.941874|16.4919349
022001|gm. Oborniki Śląskie|trzebnicki|dolnośląskie|15|HOSP|Dolnośląskie Centrum Chorób Płuc we Wrocławiu, Oddział I i  I A Chorób Płuc w Obornikach Śląskich, ul. Dunikowskiego 2-8|f|Polska|Oborniki Śląskie|55-120|Oborniki Śląskie|Dunikowskiego|2-8||Dolnośląskie Centrum Chorób Płuc we Wrocławiu, Oddział I I A Chorób Płuc w Obornikach Śląskich|0|51.3068525|16.8976027
022001|gm. Oborniki Śląskie|trzebnicki|dolnośląskie|16|HOSP|Dolnośląskie Centrum Chorób Płuc we Wrocławiu, Oddział Pulmonologiczny  w Obornikach Śląskich, ul. Trzebnicka 5|f|Polska|Oborniki Śląskie|55-120|Oborniki Śląskie|Trzebnicka|5||Dolnośląskie Centrum Chorób Płuc we Wrocławiu, Oddział Pulmonologiczny  w Obornikach Śląskich|0|51.29943369999999|16.9147947
022106|gm. Mieroszów|wałbrzyski|dolnośląskie|9|HOSP|"Sanatoria Dolnośląskie" Spółka z o. o. w Sokołowsku, w tym: \r\n1. Dolnośląski Ośrodek Opieki Międzypokoleniowej "Biały Orzeł" w Sokołowsku ul. Parkowa 5. \r\n2. Zakład Opiekuńczo-Leczniczy "Odrodzenie" w Sokołowsku ul. Główna 15. \r\n3. Zakład Opiekuńczo-Leczniczy "Górnik" w Sokołowsku ul. Główna 22. |f|Polska|Sokołowsko|58-350|Mieroszów|Główna|15||Zakład Opiekuńczo-Leczniczy "Odrodzenie" w Sokołowsku|107|50.6870862|16.2386476
022301|gm. Czernica|wrocławski|dolnośląskie|7|COMM|Dobrzykowice|f|Polska|Dobrzykowice|55-002|Kamieniec Wrocławski|ul. Szkolna|1||Szkoła Podstawowa w Dobrzykowicach|\N|51.0768184|17.1762909
022302|gm. Długołęka|wrocławski|dolnośląskie|19|COMM|Kiełczów ulice: Agrestowa, Bławatna, Dębowa, Dobra, Kręta, Krótka, Sosnowa, Spokojna, Wąska, Wrocławska, Wschodnia, Zgodna.|t|Polska|Kiełczów|55-093|Kiełczów|ul. Szkolna|3||Szkoła Podstawowa w Kiełczowie|1123|51.140556|17.178333
022306|gm. Mietków|wrocławski|dolnośląskie|4|SOC|Dom Pomocy Społecznej|f|Polska|Borzygniew|55-081|Mietków|ul.Sportowa|2||Dom Pomocy Społecznej "Dom Nad Zalewem" w Borzygniewie|60|50.9702955|16.6186599
026101|m. Jelenia Góra|Jelenia Góra|dolnośląskie|46|SOC|Dom Pomocy Społecznej "Pogodna Jesień"|f|Polska|Jelenia Góra|58-560|Jelenia Góra|ul. Leśna|3||Dom Pomocy Społecznej "Pogodna Jesień"|90|50.8824847|15.6373914
026401|m. Wrocław|Wrocław|dolnośląskie|303|HOSP|Wojewódzki Szpital Specjalistyczny im. J. Gromkowskiego oddział zakaźny|t|Polska|Wrocław|51-149||ul. Koszarowa|5||Wojewódzki Szpital Specjalistyczny im. J. Gromkowskiego oddział zakaźny|100|51.14041659999999|17.0686035
026401|m. Wrocław|Wrocław|dolnośląskie|304|HOSP|Wojewódzki Szpital Specjalistyczny im. J. Gromkowskiego oddział niezakaźny|t|Polska|Wrocław|51-149||ul. Koszarowa|5||Wojewódzki Szpital Specjalistyczny im. J. Gromkowskiego oddział niezakaźny|300|51.14041659999999|17.0686035
026401|m. Wrocław|Wrocław|dolnośląskie|305|HOSP|Wojewódzki Szpital Specjalistyczny we Wrocławiu|t|Polska|Wrocław|51-124||ul. Kamieńskiego|73a||Wojewódzki Szpital Specjalistyczny we Wrocławiu|230|51.14821990000001|17.044674
026401|m. Wrocław|Wrocław|dolnośląskie|306|HOSP|Wojewódzki Szpital Specjalistyczny we Wrocławiu Oddział Zamiejscowy|t|Polska|Wrocław|51-128||ul. Poświęcka|8||Wojewódzki Szpital Specjalistyczny we Wrocławiu Oddział Zamiejscowy|180|51.1565769|17.0337522
040701|m. Inowrocław|inowrocławski|kujawsko-pomorskie|48|HOSP|PREZYDENTA GABRIELA NARUTOWICZA 46|f|Polska|INOWROCŁAW|88-100|INOWROCŁAW|PREZYDENTA GABRIELA NARUTOWICZA|46||ZAKŁAD KARNY W INOWROCŁAWIU|346|52.79787630000001|18.2496773
040701|m. Inowrocław|inowrocławski|kujawsko-pomorskie|49|HOSP|ZYGMUNTA WILKOŃSKIEGO 23|f|Polska|INOWROCŁAW|88-100|INOWROCŁAW|ZYGMUNTA WILKOŃSKIEGO|23||"SOLANKI" UZDROWISKO INOWROCŁAW SPÓŁKA Z O.O., W SKŁAD KTÓREGO WCHODZĄ: ZESPÓŁ SANATORYJNO-SZPITALNY "KUJAWIAK", SANATORIUM "AS", SANATORIUM "OSTOJA", SANATORIUM "KUJAWIANKA", Z SIEDZIBĄ W ZESPOLE SANATORYJNO-SZPITALNYM "KUJAWIAK" |820|52.7960614|18.2428662
040701|m. Inowrocław|inowrocławski|kujawsko-pomorskie|50|HOSP|ŚWIĘTOKRZYSKA 76|f|Polska|INOWROCŁAW|88-100|INOWROCŁAW|ŚWIĘTOKRZYSKA |76||SANATORIUM UZDROWISKOWE OŚRODEK REHABILITACJI I ODNOWY BIOLOGICZNEJ "OAZA" SPÓŁKA Z O.O. W INOWROCŁAWIU|180|52.7932569|18.245532
040701|m. Inowrocław|inowrocławski|kujawsko-pomorskie|51|HOSP|PRZY STAWKU 12|f|Polska|INOWROCŁAW|88-100|INOWROCŁAW|PRZY STAWKU|12||SANATORIUM UZDROWISKOWE "PRZY TĘŻNI" IM. DR. JÓZEFA KRZYMIŃSKIEGO W INOWROCŁAWIU SAMODZIELNY PUBLICZNY ZAKŁAD OPIEKI ZDROWOTNEJ |352|52.7954559|18.2359976
040701|m. Inowrocław|inowrocławski|kujawsko-pomorskie|52|HOSP|MACIEJA WIERZBIŃSKIEGO 50a|f|Polska|INOWROCŁAW|88-100|INOWROCŁAW|MACIEJA WIERZBIŃSKIEGO|50a||SANATORIUM UZDROWISKOWE "MODRZEW" W INOWROCŁAWIU|202|52.7893594|18.2400065
041409|gm. Świecie|świecki|kujawsko-pomorskie|25|HOSP|NIEPUBLICZNY ZAKŁAD OPIEKI ZDROWOTNEJ "FLORENCJA II" W ŚWIECIU, UL. ŚW. WINCENTEGO 1.|f|Polska|Świecie|86-100|Świecie|Św. Wincentego|1||Niepubliczny Zakład Opieki Zdrowotnej "Florencja II"|70|53.4063294|18.4489656
046301|m. Toruń|Toruń|kujawsko-pomorskie|121|SOC|Zakład Pielęgnacyjno-Opiekuńczy im. Ks. Jerzego Popiełuszki|f|Polska|Toruń|87-100|Toruń|ul. Ligi Polskiej|8||Zakład Pielęgnacyjno-Opiekuńczy im. Ks. Jerzego Popiełuszki|0|53.02027649999999|18.6902238
046301|m. Toruń|Toruń|kujawsko-pomorskie|122|SOC|Dom Pomocy Społecznej Fundacji im. Brata Alberta|f|Polska|Toruń|87-100|Toruń|ul. Rydygiera|23||Dom Pomocy Społecznej Fundacji im. Brata Alberta|17|53.0292627|18.6548133
046301|m. Toruń|Toruń|kujawsko-pomorskie|123|STS|Dom Studencki nr: 1,2,3,5,6 UMK|f|Polska|Toruń|87-100|Toruń|ul. Mickiewicza|6/8||Dom Studencki nr 2 UMK|0|53.0117759|18.5949205
046301|m. Toruń|Toruń|kujawsko-pomorskie|124|STS|Dom Studencki nr: 7,8,9,10,11,12 UMK|f|Polska|Toruń|87-100|Toruń|ul. Gagarina|21||Dom Studencki nr 9 UMK|0|53.0188564|18.575473
060101|m. Międzyrzec Podlaski|bialski|lubelskie|11|HOSP|-|f|Polska|Międzyrzec Podlaski|21-560||ul. Warszawska|2-4||Szpital Powiatowy w Międzyrzecu Podlaskim |\N|51.9846507|22.78696
060106|gm. Kodeń|bialski|lubelskie|6|O_PN|Zakład Karny w Zabłociu|f|Polska|Zabłocie|21-509|Kodeń||122||Zakład Karny w Zabłociu|125|51.886627|23.611282
060308|gm. Rejowiec Fabryczny|chełmski|lubelskie|5|SOC|Kanie 129A|f|Polska|Kanie|22-170|Rejowiec Fabryczny||129A||Dom Pomocy Społecznej w Kaniem|42|51.0885419|23.2904479
060405|gm. Mircze|hrubieszowski|lubelskie|11|SOC|Niepubliczny Zakład Opiekuńczo-Leczniczy "Droga Życia" w Smoligowie|t|Polska|Smoligów|22-530|Mircze||71||Niepubliczny Zakład Opiekuńczo-Leczniczy "Droga Życia" w Smoligowie|218|50.621306|23.954396
060601|m. Krasnystaw|krasnostawski|lubelskie|18|SOC|Dom Pomocy Społecznej|f|Polska|Krasnystaw|22-300|Krasnystaw|Kwiatowa|1||Dom Pomocy Społecznej|146|50.9909894|23.2009541
060912|gm. Strzyżewice|lubelski|lubelskie|8|SOC|Dom Pomocy Społecznej w Kiełczewicach\r\nKiełczewice Maryjskie 86|f|Polska|Kiełczewice Maryjskie|23-107|Strzyżewice||86||Dom Pomocy Społecznej w Kiełczewicach|56|51.048676|22.437262
061206|gm. Poniatowa|opolski|lubelskie|13|HOSP|Poniatowa: Sanatorium|f|Polska|Poniatowa|24-320|Poniatowa|Fabryczna|6||Samodzielne Publiczne Sanatorium Gruźlicy i Chorób Płuc w Poniatowej|45|51.185407|22.0699909
061408|gm. Nałęczów|puławski|lubelskie|11|HOSP|Zakład Leczniczy "Uzdrowisko Nałęczów" S.A. w Nałęczowie|f|Polska|Nałęczów|24-150|Nałęczów|Michała Górskiego|5||Kardiologiczny Szpital Uzdrowiskowy w Nałęczowie|480|51.2841965|22.2114035
061408|gm. Nałęczów|puławski|lubelskie|12|HOSP|Kolejowy Szpital Uzdrowiskowy SP ZOZ w Nałęczowie|f|Polska|Nałęczów|24-150|Nałęczów|Michała Górskiego|6||Kolejowy Szpital Uzdrowiskowy SP ZOZ  w Nałęczowie|179|51.2841672|22.2125975
061408|gm. Nałęczów|puławski|lubelskie|13|HOSP|Sanatorium Uzdrowiskowe „Rolnik” w Nałęczowie\r\n|f|Polska|Nałęczów|24-150|Nałęczów|Michała Górskiego|14||Sanatorium Uzdrowiskowe „Rolnik” w Nałęczowie|190|51.2850993|22.2089014
061408|gm. Nałęczów|puławski|lubelskie|14|HOSP|Sanatorium Uzdrowiskowe Związku Nauczycielstwa Polskiego NZOZ w Nałęczowie\r\n|f|Polska|Nałęczów|24-150|Nałęczów|Bartosza Głowackiego|7||Sanatorium Uzdrowiskowe Związku Nauczycielstwa Polskiego NZOZ  w Nałęczowie|125|51.2927674|22.2003663
061408|gm. Nałęczów|puławski|lubelskie|15|HOSP|Sanatorium Uzdrowiskowe „Ciche Wąwozy” NZOZ w Nałęczowie|f|Polska|Nałęczów|24-150|Nałęczów|Bartosza Głowackiego|12||Sanatorium Uzdrowiskowe „Ciche Wąwozy”  NZOZ w Nałęczowie|150|51.2935053|22.2001702
061408|gm. Nałęczów|puławski|lubelskie|16|HOSP|Samodzielny Publiczny Psychiatryczny Zakład Opiekuńczo-Leczniczy w Celejowie|f|Polska|Nałęczów|24-150|Nałęczów|Lipowa|37||Zakład Opiekuńczo-Leczniczy  Oddział IV Nałęczów|30|51.2862383|22.2210136
061908|gm. Wyryki|włodawski|lubelskie|7|HOSP|Zamknięty obwód głosowania|f|Polska|Adampol|22-200|Włodawa||37||Samodzielny Publiczny Zakład Opieki Zdrowotnej Gruźlicy i Chorób Płuc w Adampolu|\N|51.54563290000001|23.4635499
066301|m. Lublin|Lublin|lubelskie|208|ARR|ULICA: Południowa 5|f|Polska|Lublin|20-482|Lublin|ul. Południowa|5|-|Areszt Śledczy w Lublinie|\N|51.2046967|22.5702835
086201|m. Zielona Góra|Zielona Góra|lubuskie|67|COMM|Jedności, Stanisława Moniuszki do nr 11, Polna, Reja, Jana Sobieskiego, Wandy do nr 39\n|t|Polska|Zielona Góra|65-401|Zielona Góra|ul. Długa|5||Zespół Szkół Ekonomicznych|1105|51.9364795|15.4984618
086201|m. Zielona Góra|Zielona Góra|lubuskie|68|COMM|Generała Jakuba Jasińskiego, Józefa Ignacego Kraszewskiego, Przemysłowa, Henryka Sienkiewicza, Generała Władysława Sikorskiego od nr 11, Generała Józefa Sowińskiego od nr 17, Średnia, Kaspra Twardowskiego, Tylna, Zielona|f|Polska|Zielona Góra|65-452|Zielona Góra|ul. Generała Józefa Sowińskiego|27||"Szkoła Myślenia Twórczego" Społeczne Gimnazjum Liceum Ogólnokształcące|1503|51.9337419|15.5081414
086201|m. Zielona Góra|Zielona Góra|lubuskie|69|COMM|Aleja Juliusza Słowackiego, Partyzantów, Władysława Reymonta, Skrajna, Stroma, Andrzeja Struga, Juliana Tuwima, Wąska, Wrocławska|f|Polska|Zielona Góra|65-436|Zielona Góra|ul. Leopolda Staffa|10||Zespół Edukacyjny Nr 2 Szkoła Podstawowa nr 17|1662|51.932925|15.5163726
086201|m. Zielona Góra|Zielona Góra|lubuskie|70|COMM|Morelowa, Leopolda Staffa\n|f|Polska|Zielona Góra|65-436|Zielona Góra|ul. Leopolda Staffa|10||Zespół Edukacyjny Nr 2 Szkoła Podstawowa nr 17|1610|51.932925|15.5163726
086201|m. Zielona Góra|Zielona Góra|lubuskie|71|COMM|Aliny, Balladyny, Beniowskiego, Chochlika, Stanisława Cynarskiego, Dantyszka, Derwida, Fantazego, Filona, Geodetów, Goplany, Grabca, Grunwaldzka, Gryfa, Grzegorza, Hawryłowicza, Horsztyńskiego, Mieczysława Karłowicza, Kirkora, Kordiana, Krzemieniecka, Laury, Lecha, Lechitów, Lilii Wenedy, Mazepy, Nowa, Władysława Orkana, Pułkownika Witolda Pileckiego, Salomei, Skierki, Strzelecka, Wacława, Wodna|f|Polska|Zielona Góra|65-452|Zielona Góra|ul. Strzelecka|9||III Liceum Ogólnokształcące|1833|51.929813|15.509396
086201|m. Zielona Góra|Zielona Góra|lubuskie|72|COMM|Browarna, Ekologiczna, Jagodowa, Jałowcowa, Jarzębinowa, Jęczmienna, Konopna, Kożuchowska numery nieparzyste od nr 31 parzyste od nr 12, Krzywa, Tadeusza Olbrychta, Osiedle Robotnicze, Osiedle Wygoda, Parkowa, Emilii Plater, Podwójna, Przyrodnicza, Pszenna, Rolnicza, Rzemieślnicza, Rzepakowa, Szczekocińska od nr 15, Winna, Zawiszy Czarnego, Żytnia|f|Polska|Zielona Góra|65-012|Zielona Góra|ul. Jęczmienna|1||Miejskie Przedszkole nr 13|1623|51.9159176|15.5115951
086201|m. Zielona Góra|Zielona Góra|lubuskie|73|SOC|ul. Aleja Juliusza Słowackiego 29|f|Polska|Zielona Góra|65-326|Zielona Góra|ul. Aleja Juliusza Słowackiego|29||Dom Pomocy Społecznej|70|51.9302903|15.5184345
086201|m. Zielona Góra|Zielona Góra|lubuskie|74|SOC|ul. Lubuska 11|t|Polska|Zielona Góra|65-265|Zielona Góra|ul. Lubuska|11||Dom Pomocy Społecznej dla Kombatantów|178|51.93571859999999|15.5272523
086201|m. Zielona Góra|Zielona Góra|lubuskie|75|HOSP|ul. Zyty 26|f|Polska|Zielona Góra|65-046|Zielona Góra|ul. Zyty|26||Szpital Wojewódzki|480|51.940555|15.5173943
086201|m. Zielona Góra|Zielona Góra|lubuskie|76|ARR|ul. Łużycka 2|f|Polska|Zielona Góra|65-601|Zielona Góra|ul. Łużycka|2||Areszt Śledczy|300|51.93576419999999|15.4933331
101105|gm. Wartkowice|poddębicki|łódzkie|10|SOC|Dom Pomocy Społecznej w Gostkowie|f|Polska|Stary Gostków|99-220|Wartkowice||41||Dom Pomocy Społecznej w Gostkowie|66|51.970776|19.0182499
101211|gm. Przedbórz|radomszczański|łódzkie|6|SOC|Samodzielny Zakład Opieki Zdrowotnej - Zakład Pielęgnacyjno-Opiekuńczy w Przedborzu|f|Polska|Przedbórz|97-570|Przedbórz|ul. Częstochowska|25||Samodzielny Zakład Opieki Zdrowotnej - Zakład Pielęgnacyjno-Opiekuńczy|20|51.0886179|19.867486
101211|gm. Przedbórz|radomszczański|łódzkie|7|SOC|Niepubliczny Zakład  Pielęgnacyjno-Opiekuńczy "Family"|f|Polska|Taras|97-570|Przedbórz||46A||Niepubliczny Zakład  Pielęgnacyjno-Opiekuńczy "Family"|56|51.14666|19.917842
101409|gm. Warta|sieradzki|łódzkie|12|HOSP|Odrębny Obwód Głosowania - Centrum Psychiatryczne w Warcie|f|Polska|Warta|98-290|Warta|Sieradzka|3||Centrum Psychiatryczne|0|51.7046609|18.62639
101601|m. Tomaszów Mazowiecki|tomaszowski|łódzkie|28|HOSP|Nu-Med Centrum Diagnostyki i Terapii Onkologicznej Spółka z o.o., Jana Pawła II 35|f|Polska|Tomaszów Mazowiecki|97-200|Tomaszów Mazowiecki|Jana Pawła II|35||Nu-Med Centrum Diagnostyki i Terapii Onkologicznej Spółka z o.o.|43|51.5230054|20.0050112
106101|m. Łódź|Łódź|łódzkie|419|HOSP|III Szpital Miejski im. dr. Karola Jonschera w Łodzi ul. Milionowa 14 |t|Polska|Łódź|93-102|Łódź|ul. Milionowa|14 ||III Szpital Miejski im. dr. Karola Jonschera w Łodzi|380|51.7592485|19.4559833
106101|m. Łódź|Łódź|łódzkie|420|PEN|Zakład Karny Nr 1 w Łodzi ul. Beskidzka 54 |f|Polska|Łódź|91-611|Łódź|ul. Beskidzka|54 ||Zakład Karny Nr 1 w Łodzi |558|51.7994857|19.5115441
120203|gm. Czchów|brzeski|małopolskie|9|SOC|Samodzielny Publiczny Gminny Zakład Opieki Zdrowotnej w Czchowie|f|Polska|Czchów|32-860||Sądecka|183||Samodzielny Publiczny Gminny Zakład Opieki Zdrowotnej|40|49.822987|20.677508
120615|gm. Wielka Wieś|krakowski|małopolskie|9|SOC|Niepubliczny Zakład Opieki Zdrowotnej w Modlniczce|t|Polska|Modlniczka|32-085|Modlniczka|os. Krakowskie Przedmieście|28||Niepubliczny Zakład Opieki Zdrowotnej w Modlniczce, Modlniczka|34|50.10950589999999|19.8344342
121111|gm. Raba Wyżna|nowotarski|małopolskie|11|SOC|Zakład Opiekuńczo-Leczniczy im. Św. Siostry Faustyny Kowalskiej w Rabie Wyżnej |t|Polska|Raba Wyżna|34-721|Raba Wyżna||435A||Zakład Opiekuńczo-Leczniczy im. Św. Siostry Faustyny Kowalskiej|4|49.539345|19.8887288
121201|m. Bukowno|olkuski|małopolskie|10|SOC|Bukowno - Dom Seniora "Leśna Polana" (obwód odrębny)|f|Polska|Bukowno|32-332|Bukowno|Długa|2||Dom Seniora "Leśna Polana"|51|50.29029|19.5435706
121301|m. Oświęcim|oświęcimski|małopolskie|27|HOSP|Centrum Kardiologii Inwazyjnej Elektrotarapii i Angiologii G.V.M. Carint Sp. z o.o.|f|Polska|Oświęcim|32-600|Oświęcim|Wysokie Brzegi|4||Centrum Kardiologii Inwazynej Elekroterapii i Angiologii G.V.M. Carint Sp. z o.o. |10|50.04060399999999|19.2373441
121701|m. Zakopane|tatrzański|małopolskie|23|HOSP|Uniwersytecki Szpital Ortopedyczno-Rehabilitacyjny w Zakopanem|t|Polska|Zakopane|34-500|Zakopane|ul. Balzera|15||Uniwersytecki Szpital Ortopedyczno-Rehabilitacyjny|100|49.2860767|19.9847837
121701|m. Zakopane|tatrzański|małopolskie|24|SOC|Dom Pomocy Społecznej w Zakopanem|f|Polska|Zakopane|34-500|Zakopane|ul. Szpitalna|21||Dom Pomocy Społecznej|70|49.310389|19.9595269
126101|m. Kraków|Kraków|małopolskie|488|SOC|DPS|f|Polska|Kraków|31-965||os. Sportowe|9||DOM POMOCY SPOŁECZNEJ |36|50.0769424|20.0511894
126101|m. Kraków|Kraków|małopolskie|489|SOC|DPS|f|Polska|Kraków|31-978||os. Szkolne|28||DOM POMOCY SPOŁECZNEJ |26|50.5236488|21.1122867
126101|m. Kraków|Kraków|małopolskie|490|HOSP|SZPITAL|f|Polska|Kraków|31-752||ul. Ujastek|3||CENTRUM MEDYCZNE UJASTEK SP. Z O.O.|60|50.0810816|20.0660796
126101|m. Kraków|Kraków|małopolskie|491|HOSP|SZPITAL|f|Polska|Kraków|31-913||os. Na Skarpie|66||SZPITAL SPECJALISTYCZNY IM. STEFANA ŻEROMSKIEGO SP ZOZ  W KRAKOWIE|230|50.0657499|20.046613
140401|m. Gostynin|gostyniński|mazowieckie|16|HOSP|Regionalny Ośrodek Psychiatrii Sądowej, ul. Zalesie 1A|f|Polska|Gostynin|09-500|Gostynin|Zalesie|1A||Regionalny Ośrodek Psychiatrii Sądowej|23|52.400613|19.497621
140404|gm. Sanniki|gostyniński|mazowieckie|11|SOC|Dom Pomocy Społecznej w Sannikach|f|Polska|Sanniki|09-540|Sanniki|Wólczyńska|10||Dom Pomocy Społecznej w Sannikach|20|52.33389349999999|19.8639123
140608|gm. Nowe Miasto nad Pilicą|grójecki|mazowieckie|7|HOSP|Samodzielny Publiczny Zakład Opieki Zdrowotnej Nowe Miasto nad Pilicą ulica Tomaszowska 43|f|Polska|Nowe Miasto nad Pilicą|26-420|Nowe Miasto nad Pilicą|Tomaszowska|43||Samodzielny Publiczny Zakład Opieki Zdrowotnej|60|51.6169589|20.5643399
141306|gm. Stupsk|mławski|mazowieckie|4|SOC|Krajowy Ośrodek Mieszkalno-Rehabilitacyjny dla Osób Chorych na SM|f|Polska|Dąbek|06-561|Stupsk||128||Krajowy Ośrodek Mieszkalno-Rehabilitacyjny dla Osób Chorych na SM|0|53.0108109|20.368047
141802|gm. Konstancin-Jeziorna|piaseczyński|mazowieckie|19|HOSP|obwód głosowania dla pensjonariuszy|t|Polska|Konstancin-Jeziorna|05-510||Pułaskiego|6||Dom Artystów Weteranów Scen Polskich|34|52.08424050000001|21.0794177
141802|gm. Konstancin-Jeziorna|piaseczyński|mazowieckie|20|HOSP|obwód głosowania dla pacjentów|t|Polska|Konstancin-Jeziorna|05-510||Wierzejewskiego |12||Mazowieckie Centrum Rehabilitacji „STOCER” Sp. z o.o.|228|52.0819255|21.1130549
141802|gm. Konstancin-Jeziorna|piaseczyński|mazowieckie|21|HOSP|obwód głosowania dla pensjonariuszy|t|Polska|Konstancin-Jeziorna|05-520||Fabryczna |3||Dom Seniora „Willa Kalina”|35|52.16683980000001|20.783704
142009|gm. Płońsk|płoński|mazowieckie|9|COMM|Miejscowości: Ćwiklin, Szeromin, Szymaki|f|Polska|Szeromin|09-100|Płońsk||17a||Świetlica w Szerominie|530|52.62898000000001|20.341635
142102|m. Pruszków|pruszkowski|mazowieckie|30|HOSP|Szpital Powiatowy, Al. Armii Krajowej 2/4|f|Polska|Pruszków|05-800|Pruszków|Al. Armii Krajowej |2/4||obwód odrebny Szpital Powiatowy, Al. Armii Krajowej 2/4|0|52.1590301|20.8211967
143403|m. Ząbki|wołomiński|mazowieckie|15|HOSP|Mazowieckie Centrum Psychiatrii DREWNICA Sp.z o.o.|f|Polska|Ząbki|05-091|Ząbki|Rychlińskiego |1||Mazowieckie Centrum Psychiatrii DREWNICA Sp.z o.o.|43|52.2981783|21.1090887
143801|m. Żyrardów|żyrardowski|mazowieckie|24|SOC|Dom Pomocy Społecznej dla osób przewlekle somatycznie chorych|f|Polska|Żyrardów|96-300|Żyrardów|ul. Bolesława Limanowskiego|32b||Dom Pomocy Społecznej |112|52.05882880000001|20.4392059
143803|gm. Puszcza Mariańska|żyrardowski|mazowieckie|9|SOC|Zakład Pielęgnacyjno - Opiekuńczy w Wycześniaku /obwód odrębny/|f|Polska|Wycześniak|96-330|Puszcza Mariańska||22||Zakład Pielęgnacyjno - Opiekuńczy w Wycześniaku|120|51.9850167|20.332712
146503|Białołęka|Warszawa|mazowieckie|850|COMM|ul. Skarbka z Gór: strona nieparzysta od nr 1 do nr 49|t|Polska|Białołęka|03-287|WARSZAWA|Głębocka|66||Szkoła Podstawowa nr 356|1634|52.3124988|21.0655472
146507|Praga-Południe|Warszawa|mazowieckie|1153|STUD|Dom Studencki nr 3 Uniwersytetu Warszawskiego w Warszawie|f|Polska|Warszawa|04-397|Warszawa|ul. Kickiego|12||Dom Studencki nr 3 Uniwersytetu Warszawskiego w Warszawie|22|52.2485451|21.0799597
160304|gm. Pawłowiczki|kędzierzyńsko-kozielski|opolskie|7|SOC|Dom Opieki w Jakubowicach|f|Polska|Jakubowice|47-280|Pawłowiczki||15A||Dom Opieki |42|50.2288892|18.122002
160501|gm. Gogolin|krapkowicki|opolskie|13|HOSP|Zakład Opieki Leczniczej w Górażdzach|f|Polska|Górażdze|47-316|Górażdze|ul. Główna|23||Zakład Opieki Leczniczej |50|50.528129|18.0094369
160503|gm. Strzeleczki|krapkowicki|opolskie|6|HOSP|Centrum Terapii Nerwic, ul. Zamkowa 1A, Moszna|f|Polska|Moszna|47-370|Strzeleczki|ul. Zamkowa|1A||Centrum Terapii Nerwic|0|50.440601|17.767926
166101|m. Opole|Opole|opolskie|72|STS|Zespół Domów Studenckich: (Dom Studenta Kmicic, Dom Studenta Mrowisko, Dom Studenta Niechcic, Dom Studenta Spójnik, Dom Studenta Wyższej Szkoły Medycznej)\r\n|f|Polska|Opole|45-061|Opole|ul. Katowicka|87B||Dom Studenta Niechcic|\N|50.672528|17.933766
180307|gm. Żyraków|dębicki|podkarpackie|14|HOSP|Zespół Opieki Zdrowotnej w Dębicy:\r\n1) Oddział Psychiatryczny I\r\n2) Oddział Psychiatryczny II\r\n3) Oddział Psychiatryczny III\r\n4) Oddział Odwykowy\r\n5) Odział Psychiatyrii Sądowej o wzmocnionym zabezpieczeniu\r\n6) Zakład Opiekuńczo- Leczniczy|f|Polska|Straszęcin|29-218|Straszęcin||295||Zespół Opieki Zdrowotnej w Dębicy - Odziały w Straszęcinie|100|50.0628419|21.364824
180407|gm. Pruchnik|jarosławski|podkarpackie|11|COMM|osiedle Pruchnik Górny - ulice: Akacjowa, Księdza Bronisława Markiewicza od nr 73 do nr 223, Jasna od nr 61 do nr 123|f|Polska|Pruchnik|37-560|Pruchnik|ul. Księdza Bronisława Markiewicza |22||Szkoła Podstawowa nr 1 w Pruchniku Dolnym|529|49.90581419999999|22.5120222
180708|gm. Rymanów|krośnieński|podkarpackie|14|HOSP|Lokal Nr 5 przy ulicy Parkowej w Rymanowie-Zdroju|f|Polska|Rymanów-Zdrój|38-481|Rymanów-Zdrój|Parkowa|5||Szpital Uzdrowiskowy "Eskulap" w Rymanowie-Zdroju|160|49.5720246|21.8680671
180708|gm. Rymanów|krośnieński|podkarpackie|15|HOSP|Lokal Nr 4 przy ulicy Leśnej w Rymanowie-Zdroju|f|Polska|Rymanów-Zdrój|38-481|Rymanów-Zdrój|Leśna|4||Szpital Uzdrowiskowy "Zimowit" w Rymanowie -Zdroju|120|49.5658192|21.8171938
180708|gm. Rymanów|krośnieński|podkarpackie|16|HOSP|Lokal Nr 1 przy ulicy Anny i Jana Potockich w Rymanowie-Zdroju|f|Polska|Rymanów-Zdrój|38-481|Rymanów-Zdrój|Anny i Jana Potockich|1||Szpital Uzdrowiskowy "Polonia" w Rymanowie-Zdroju|100|49.5379538|21.8266126
180708|gm. Rymanów|krośnieński|podkarpackie|17|HOSP|Lokal Nr 1 przy ulicy Świerkowej w Rymanowie-Zdroju|f|Polska|Rymanów-Zdrój|38-481|Rymanów-Zdrój|Świerkowa|1||Przedsiębiorstwo Sanatoryjno-Turystyczne "Stomil" w Rymanowie-Zdroju Sp. z o.o.|110|49.544922|21.8445879
181007|gm. Żołynia|łańcucki|podkarpackie|6|SOC|Siedziba Zakładu Pielęgnacyjno-Opiekuńczego w Żołyni|f|Polska|Żołynia|37-110|Żołynia|Górska|8||Zakład Pielęgnacyjno-Opiekuńczy|50|50.165617|22.306227
181603|gm. Boguchwała|rzeszowski|podkarpackie|13|HOSP|Niepubliczny Zakład Opieki Zdrowotnej AVEE-med. Zakład Opiekuńczo-Leczniczy|f|Polska|Niechobrz|36-047|Niechobrz||972||Niepubliczny Zakład Opieki Zdrowotnej AVEE-med. Zakład Opiekuńczo-Leczniczy|38|50.001528|21.905514
181603|gm. Boguchwała|rzeszowski|podkarpackie|14|SOC|Dom Spokojnej Starości "Złote Liście"|f|Polska|Zarzecze|36-041|Boguchwała||23||Dom Spokojnej Starości "Złote Liście"|45|52.82463689999999|19.407218
200201|gm. Choroszcz|białostocki|podlaskie|11|SOC|DPS|f|Polska|Choroszcz|16-070|Choroszcz|Aleja Niepodległości|4||Dom Pomocy Społecznej|239|53.153237|22.9876279
220109|gm. Trzebielino|bytowski|pomorskie|3|HOSP|Broczyna 11|f|Polska|Broczyna|77-235|Trzebielino||11||Chrześcijański Ośrodek dla Osób Uzależnionych Teen Challenge Broczyna|25|54.20076|17.088226
220204|gm. Czersk|chojnicki|pomorskie|15|ARR|Areszt Śledczy|f|Polska|Czersk|89-650|Czersk|Dworcowa|29||Oddział Zewnętrzny Aresztu Śledczego w Chojnicach|68|53.799274|17.970275
220305|gm. Koczała|człuchowski|pomorskie|5|HOSP|ŁĘKINIA 17|f|Polska|ŁĘKINIA|77-220|Koczała||17||"TEEN CHALLENGE" Chrześcijański Ośrodek dla Osób Uzależnionych|70|53.9040954|17.0633336
220403|gm. Kolbudy|gdański|pomorskie|7|COMM|Sołectwa: Czapielsk, Łapino|t|Polska|Kolbudy|83-050|Kolbudy|Staromłyńksa|1||Urząd Gminy w Kolbudach (dawny GOK)|781|54.270878|18.4678459
221201|m. Ustka|słupski|pomorskie|10|HOSP|Mickiewicza 12|f|Polska|Ustka|76-270|Ustka|Mickiewicza|12||Wojewódzki Szpital Specjalistyczny im. Janusza Korczaka w Słupsku Oddział w Ustce|100|54.58609|16.861618
221312|gm. Starogard Gdański|starogardzki|pomorskie|20|HOSP|Nowa wieś Rzeczna, ul. Leśna 1a|f|Polska|Nowa Wieś Rzeczna|83-200|Starogard Gdański|Leśna|1a||Centrum Rehabilitacyjno-Lecznicze Medpharma|\N|53.9606419|18.4872348
221402|gm. Gniew|tczewski|pomorskie|17|SOC|Wielkie Wyręby 23|f|Polska|Wielkie Wyręby|83-230|Smętowo Graniczne||23||Dom Pomocy Społecznej|18|53.72769599999999|18.6658899
221501|m. Reda|wejherowski|pomorskie|10|COMM|Jana Brzechwy, Młyńska, Św. Wojciecha|f|Polska|Reda|84-240||A. Zawadzkiego|10||Szkoła Podstawowa nr 2|1453|54.5976027|18.3545888
226101|m. Gdańsk|Gdańsk|pomorskie|224|HOSP|VII DWÓR , Polanki nr 117|f|Polska|Gdańsk, VII Dwór|80-308|Gdańsk 5|ul. Polanki|117||7 Szpital Marynarki Wojennej z Przychodnią SP ZOZ|0|54.393989|18.566996
226101|m. Gdańsk|Gdańsk|pomorskie|225|STS|WRZESZCZ GÓRNY , Traugutta nr 115, 115A, 115B, Do Studzienki nr 32, 61|f|Polska|Gdańsk, Wrzeszcz Górny|80-227|Gdańsk 6|ul. Do Studzienki|32||Dom Studencki Nr 3|0|54.3696441|18.6104653
226101|m. Gdańsk|Gdańsk|pomorskie|226|STS|WRZESZCZ DOLNY , Wyspiańskiego nr 5A, 7, 9, Leczkowa nr 18, Chodkiewicza nr 15|f|Polska|Gdańsk, Wrzeszcz Dolny|80-434|Gdańsk 6|ul. Wyspiańskiego|5A||Dom Studencki Nr 8|0|54.3776431|18.619819
226301|m. Słupsk|Słupsk|pomorskie|47|HOSP|Samodzielny Publiczny Specjalistyczny Psychiatryczny Zakład Opieki Zdrowotnej\r\nul. Obrońców Wybrzeża 4\r\nobwód odrębny|f|Polska|Słupsk|76-200|Słupsk|ul. Obrońców Wybrzeża|4||Samodzielny Publiczny Specjalistyczny Psychiatryczny Zakład Opieki Zdrowotnej|68|54.468683|17.044187
229801|Statki Gdynia|Statki Gdynia|pomorskie|1003|SHP|dalmor II|f|Polska|Gdynia statki||||||DALMOR II|\N|51.919438|19.145136
240107|gm. Siewierz|będziński|śląskie|8|HOSP|pacjenci szpitala|f|Polska|Siewierz|42-470|Siewierz|Zbigniewa Oleśnickiego|21||Szpital Chorób Płuc w Siewierzu Sp. z o.o.|42|50.473631|19.2388618
240206|gm. Jaworze|bielski|śląskie|4|HOSP|Beskidzki Zespół Leczniczo-Rehabilitacyjny w Jaworzu|f|Polska|Jaworze|43-384|Jaworze|Słoneczna|83||Beskidzki Zespół Leczniczo-Rehabilitacyjny w Jaworzu|0|49.792876|18.946735
240210|gm. Wilkowice|bielski|śląskie|11|SOC|Część sołectwa Bystra: Fundacja Sadyba - Dom Pomocy Społecznej|f|Polska|Bystra|43-360|Bystra|Klimczoka|80|-|Dom Pomocy Społecznej w Bystrej|91|49.7606429|19.057211
240210|gm. Wilkowice|bielski|śląskie|12|SOC|Część sołectwa Bystra: Rodzinny Dom "Senior"|f|Polska|Bystra|43-360|Bystra|Szczyrkowska|136|-|Rodzinny Dom "Senior"|34|49.7529599|19.0669869
240302|m. Ustroń|cieszyński|śląskie|11|HOSP|Śląskie Centrum Reumatologii, Rehabilitacji i Zapobiegania Niepełnosprawności im.gen.Jerzego Ziętka w Ustroniu|f|Polska|Ustroń|43-450|Ustroń|Szpitalna|11||Śląskie Centrum Reumatologii, Rehabilitacji i Zapobiegania Niepełnosprawności im.gen.Jerzego Ziętka|229|49.7261578|18.8218459
240302|m. Ustroń|cieszyński|śląskie|12|HOSP|Śląskie Centrum Rehabilitacji i Prewencji w Ustroniu|f|Polska|Ustroń|43-450|Ustroń|Zdrojowa|6||Śląskie Centrum Rehabilitacji i Prewencji w Ustroniu|120|49.71807459999999|18.828564
240302|m. Ustroń|cieszyński|śląskie|13|SOC|Miejski Dom Spokojnej Starości |f|Polska|Ustroń|43-450|Ustroń|Słoneczna|10||Miejski Dom Spokojnej Starości |31|49.71910399999999|18.8159013
240504|gm. Pilchowice|gliwicki|śląskie|8|HOSP|teren szpitala|t|Polska|Pilchowice|44-145|Pilchowice|Dworcowa|31||Szpital Chorób Płuc w Pilchowicach|105|50.2135674|18.5396797
240701|m. Lubliniec|lubliniecki|śląskie|17|HOSP|Wojewódzki Szpital Neuropsychiatryczny im. dr Emila Cyrana|f|Polska|Lubliniec|42-700||ul. Grunwaldzka|48||Wojewódzki Szpital Neuropsychiatryczny im. dr Emila Cyrana|785|50.665714|18.6798046
240701|m. Lubliniec|lubliniecki|śląskie|18|SOC|Dom Pomocy Społecznej|f|Polska|Lubliniec|42-700||ul. Kochcicka|14||Dom Pomocy Społecznej|180|50.66873529999999|18.6846192
240803|m. Orzesze|mikołowski|śląskie|16|HOSP|Szpital Chorób Płuc|f|Polska|Orzesze|43-180|Orzesze|ul.Gliwicka|20||Szpital Chorób Płuc|89|50.151618|18.773342
241001|gm. Goczałkowice-Zdrój|pszczyński|śląskie|6|HOSP|Zespół Sanatoryjno-Szpitalny Rehabilitacji Narządu Ruchu „Gwarek”|f|Polska|Goczałkowice-Zdrój|43-230|Goczałkowice-Zdrój|Uzdrowiskowa|51||Zespół Sanatoryjno-Szpitalny Rehabilitacji Narządu Ruchu „Gwarek” |0|49.9391155|18.9796658
241001|gm. Goczałkowice-Zdrój|pszczyński|śląskie|7|HOSP|Uzdrowisko Goczałkowice-Zdrój Sp. z o.o.|f|Polska|Goczałkowice-Zdrój|43-230|Goczałkowice-Zdrój|Uzdrowiskowa|55||Szpital Reumatologiczno-Rehabilitacyjny|0|49.9428999|18.9758
241502|m. Radlin|wodzisławski|śląskie|10|SOC|NZOZ „SANUS” S.C. Zakład Pielęgnacyjno-Opiekuńczy „SANUS”, przy ul. Władysława Orkana  8 w Radlinie|f|Polska|Radlin|44-310|Radlin|ul. Władysława Orkana|8||NZOZ „SANUS”|10|50.0491414|18.4768769
241505|gm. Godów|wodzisławski|śląskie|16|SOC|Część sołectwa Skrzyszów,teren Domu Seniora „Gwarek”|f|Polska|Skrzyszów|44-348|Skrzyszów|Dębowa|13c||Dom Seniora Gwarek|24|49.9521852|18.4800457
241701|m. Żywiec|żywiecki|śląskie|24|SOC|ul.Śliżowy Potok 8|f|Polska|Żywiec|34-300|Żywiec|Śliżowy Potok|8||Dom Pomocy Społecznej|66|49.6934767|19.2050257
241711|gm. Rajcza|żywiecki|śląskie|9|SOC|Rajcza, ul. Ujsolska 35|f|Polska|Rajcza|34-370|Rajcza|Ujsolska|35||Samodzielny Publiczny Zakład Opiekuńczo-Leczniczy w Rajczy|\N|49.50061789999999|19.101941
246201|m. Bytom|Bytom|śląskie|80|SOC|Piekarska 59|f|Polska|Bytom|41-902|Bytom|Piekarska|59||ZAKŁAD OPIEKUŃCZO-LECZNICZY DLA PRZEWLEKLE CHORYCH ZGROMADZENIA SŁUŻEBNIC N.S.J. |66|50.3522099|18.9189784
246301|m. Chorzów|Chorzów|śląskie|62|SOC|Plac Piastowski 19|t|Polska|41-500|41-500|Chorzów|Plac Piastowski|19||Dom Polskiego Czerwonego Krzyża|40|50.300871|18.972549
246301|m. Chorzów|Chorzów|śląskie|63|SOC|Główna 31|t|Polska|Chorzów|41-500|Chorzów|Główna|31||ASTO Ośrodek Opieki Długoterminowej |160|50.322984|18.9722534
246301|m. Chorzów|Chorzów|śląskie|64|SOC|Ratuszowa 20A|t|Polska|Chorzów|41-506|Chorzów|Ratuszowa|20A||BETAMED Medical Active Care|50|50.27803189999999|18.94792
246901|m. Katowice|Katowice|śląskie|168|HOSP|ULICE: Morawa 31|f|Polska|Katowice|40-353||ul. Morawa|31||Szpital|40|50.266138|19.092136
246901|m. Katowice|Katowice|śląskie|169|ARR|ULICE: Mikołowska 10a|f|Polska|Katowice|40-067||ul. Mikołowska |10a||Areszt Śledczy|440|50.25619589999999|19.013354
247201|m. Ruda Śląska|Ruda Śląska|śląskie|80|SOC|Ulice: Juliusza słowackiego 22|t|Polska|Ruda Śląska|41-710|Ruda Śląska|Juliusza Słowackiego |22||Pensjonat Senior|41|50.2774766|18.8600467
260101|gm. Busko-Zdrój|buski|świętokrzyskie|25|HOSP|21 Wojskowy Szpital Uzdrowiskowo-Rehabilitacyjny SP ZOZ w Busku-Zdroju|f|Polska|Busko-Zdrój|28-100|Busko-Zdrój|ul. Gen. Feliksa Rzewuskiego |8||21 Wojskowy Szpital Uzdrowiskowo-Rehabilitacyjny w Busku-Zdroju|250|50.4543718|20.7210099
260412|gm. Morawica|kielecki|świętokrzyskie|10|HOSP|Świętokrzyskie Centrum Psychiatrii w Morawicy|f|Polska|Morawica|26-026|Morawica|ul. Spacerowa |5||Świętokrzyskie Centrum Psychiatrii w Morawicy|600|50.74841989999999|20.622735
260412|gm. Morawica|kielecki|świętokrzyskie|11|HOSP|Świętokrzyskie Centrum Psychiatrii w Morawicy/Kielce|f|Polska|Kielce|25-045|Kielce|ul. Kusocińskiego|59||Świętokrzyskie Centrum Psychiatrii w Morawicy|130|50.85505509999999|20.6029525
260412|gm. Morawica|kielecki|świętokrzyskie|12|HOSP|Zakład Opiekuńczo-Leczniczy i Rehabilitacyjny w Bilczy|f|Polska|Bilcza|26-026|Morawica|ul. Osikowa|4||Zakład Opiekuńczo-Leczniczy i Rehabilitacyjny w Bilczy|78|50.77436789999999|20.616523
260415|gm. Pierzchnica|kielecki|świętokrzyskie|6|SOC|Dom Pomocy Społecznej w Osinach |f|Polska|Osiny|26-015|Pierzchnica||54B||Dom Pomocy Społecznej w Osinach (pierwsze piętro)|60|50.689856|20.7734253
260415|gm. Pierzchnica|kielecki|świętokrzyskie|7|HOSP|Zakład Opiekuńczo-Leczniczy|f|Polska|Osiny|26-015|Pierzchnica||54B||Zakład Opiekuńczo-Leczniczy (parter)|45|50.689856|20.7734253
260506|gm. Słupia (Konecka)|konecki|świętokrzyskie|6|SOC|Dom Pomocy Społecznej "Etola" w Rudzie Pilczyckiej|f|Polska|Ruda Pilczycka|26-234|Słupia||57||Dom Pomocy Społecznej "Etola" w Rudzie Pilczyckiej|59|51.05552789999999|20.0818449
261305|gm. Secemin|włoszczowski|świętokrzyskie|8|SOC|Dom Pomocy Społecznej w Woli Czaryskiej|f|Polska|Wola Czaryska|29-145|Secemin||92||Dom Pomocy Społecznej w Woli Czaryskiej|50|50.71113889999999|19.87846
280105|gm. Górowo Iławeckie|bartoszycki|warmińsko-mazurskie|8|SOC|Dom Pomocy Społecznej w Kamińsku|f|Polska|Kamińsk|11-220|Górowo Iławeckie|ul. XXX-lecia PRL|12||Dom Pomocy Społecznej|1|54.315866|20.4376289
280501|m. Ełk|ełcki|warmińsko-mazurskie|26|HOSP|miasto Ełk, ulica: Kościuszki 30|f|Polska|Ełk|19-300|Ełk|ul. Kościuszki|30||108 Szpital Wojskowy z Przychodnią SP ZOZ w Ełku|200|53.8208519|22.3640161
281201|m. Nowe Miasto Lubawskie|nowomiejski|warmińsko-mazurskie|7|HOSP|Szpital Powiatowy w Nowym Mieście Lubawskim sp. z o.o.\r\nul. Mickiewicza 10\r\n13-300 Nowe Miasto Lubawskie|f|Polska|Nowe Miasto Lubawskie|13-300||Mickiewicza|10||Szpital Powiatowy w Nowym Mieście Lubawskim sp. z o.o.|\N|53.424129|19.586844
281401|gm. Barczewo|olsztyński|warmińsko-mazurskie|22|HOSP|Powiatowy Szpital Pomocy Maltańskiej w Warszawie Pomoc Maltańska Oddział w Barczewie|f|Polska|Barczewo|11-010|Barczewo|ul.Niepodległości|9||Szpital Pomocy Maltańskiej Oddział w Barczewie|70|53.829106|20.6953429
281803|gm. Gołdap|gołdapski|warmińsko-mazurskie|16|SOC|Sanatorium Uzdrowiskowe w Gołdapi Szpital Uzdrowiskowy w Gołdapi|f|Polska|Gołdap|19-500|Gołdap|Wczasowa|7||Sanatorium WITAL|\N|54.332513|22.321041
286201|m. Olsztyn|Olsztyn|warmińsko-mazurskie|101|O_AR|Oddział Zewnętrzny Aresztu Śledczego w Olsztynie|f|Polska|Olsztyn|10-626|Olsztyn|Opolska|42||Oddział Zewnętrzny Aresztu Śledczego|390|53.7657162|20.5093766
300405|gm. Piaski|gostyński|wielkopolskie|7|HOSP|Piaski, ulica Osiedle Marysin 1|f|Polska|Piaski|63-820|Piaski|Osiedle Marysin|1||Bonifraterskie Centrum Zdrowia Sp. z o.o.|90|51.879607|17.069807
301304|gm. Rydzyna|leszczyński|wielkopolskie|11|SOC|pensjonariusze|f|Polska|Dąbcze|64-130|Rydzyna||25||NZOZ Zakład Pielęgnacyjno-Opiekuńczy "Niezapominajka"|47|52.485741|19.781567
302107|gm. Komorniki|poznański|wielkopolskie|22|O_AR|Oddział Zewnętrzny Aresztu Śledczego w Poznaniu|f|Polska|Rosnowo|62-052|Komorniki|Jarzębinowa |2||Oddział Zewnętrzny Aresztu Śledczego|82|52.3270164|16.7832704
302113|gm. Rokietnica|poznański|wielkopolskie|10|COMM|KIEKRZ(ulice:Akacjowa,Altanowa,Górska,Kasztanowa,\r\nKierska od nr1 do 55 ,Krótka,Lipowa,Ogrodowa,\r\nOkrężna,Ostra, Parkowa, Polna, Sadowa, Sosnowa  Spokojna, Szkutnicza, Topolowa, Wczasowa,Zielona,Żeglarska,Błękitna, Boczna, Cicha,Czysta,Kręta,Łąkowa ,Mokra, Prosta, Słoneczna,Tęczowa,Torfowa) PAWŁOWICE\r\n|t|Polska|Rokietnica|62-090|Rokietnica|ul. Trakt Napoleoński|55||Gimnazjum im.Noblistów w Rokietnicy|1392|52.5101989|16.7364792
302205|gm. Rawicz|rawicki|wielkopolskie|24|PEN|Zakład Karny|f|Polska|Rawicz|63-900|Rawicz|17 Stycznia|28||Zakład Karny w Rawiczu|180|51.6092379|16.8636296
306401|m. Poznań|Poznań|wielkopolskie|254|STS|Zespół Domów Studenckich Politechniki Poznańskiej, w skład którego wchodzą:\r\n- DS nr 1 ul. Jana Pawła II 28,\r\n- DS nr 2 ul. Jana Pawła II 26, \r\n- DS nr 3 ul. Kórnicka 5,\r\n- DS nr 4 ul. Kórnicka 5,\r\n- DS nr 5 ul. św. Rocha 11a,\r\n- DS nr 6, ul. św. Rocha 11b|f|Polska|Poznań|61-142|Poznań|ul. św. Rocha|11b||Dom Studencki nr 6 Politechniki Poznańskiej|203|52.39841759999999|16.9477858
306401|m. Poznań|Poznań|wielkopolskie|255|SOC|Dom Pomocy Społecznej w Poznaniu|f|Polska|Poznań|60-129|Poznań|ul. Sielska|13||Dom Pomocy Społecznej|50|52.38503679999999|16.8856438
306401|m. Poznań|Poznań|wielkopolskie|256|O_AR|Oddział Zewnętrzny Aresztu Śledczego w Poznaniu|f|Polska|Poznań|60-171|Poznań|ul. Nowosolska|40||Oddział Zewnętrzny Aresztu Śledczego w Poznaniu|204|52.3759058|16.833803
306401|m. Poznań|Poznań|wielkopolskie|257|HOSP|Szpital Rehabilitacyjny w Poznaniu Szpitala Wojewódzkiego w Poznaniu|f|Polska|Poznań|60-480|Poznań|ul. Uzdrowiskowa|2||Szpital Rehabilitacyjny w Poznaniu Szpitala Wojewódzkiego w Poznaniu |71|52.46455|16.7945744
320402|gm. Goleniów|goleniowski|zachodniopomorskie|24|SOC|Komarowo 15A|f|Polska|Komarowo|72-105|Goleniów||15A||Placówka "Nasz Dom"|23|53.5688176|14.8238791
320604|gm. Gryfino|gryfiński|zachodniopomorskie|22|HOSP|Obwód obejmujący:\r\nSzpital Powiatowy w Gryfinie|f|Polska|Gryfino|74-100|Gryfino|Parkowa|5||Szpital Powiatowy w Gryfinie Sp.z.o.o.|33|53.25238|14.48823
321301|m. Darłowo|sławieński|zachodniopomorskie|9|SOC|Dom Hospicyjno-Opiekuńczy Caritas im. Biskupa Czesława Domina w Darłowie|f|Polska|Darłowo|76-150|Darłowo|Wiejska|9||Dom Hospicyjno-Opiekuńczy Caritas im. Biskupa Czesława Domina|20|54.4352452|16.4262832
321501|m. Szczecinek|szczecinecki|zachodniopomorskie|24|HOSP|obwód odrębny|f|Polska|Szczecinek|78-400|Szczecinek|Lelewela|15||"Patronka" Sp. z o. o.|70|53.7110837|16.6787375
321804|gm. Resko|łobeski|zachodniopomorskie|7|HOSP|Samodzielny Publiczny Zespół Zakładów Opieki Zdrowotnej "Medicam" w Gryficach oddział zamiejscowy w Resku|f|Polska|Resko|72-315|Resko|Szpitalna |8||SPZZOZ w Gryficach Oddział Zamiejscowy w Resku|65|53.762237|15.409255
